dataset,att_1nn,att_knn,k_att,ed_1nn,ed_knn,k_ed,dtw_1nn,dtw_knn,k_dtw,dtw_n_train,dtw_n_test
Coffee,1.0,1.0,1,1.0,1.0,1,1.0,1.0,1,28,28
ItalyPowerDemand,0.9485,0.9485,1,0.9553,0.9563,3,0.98,0.97,7,67,100
Beef,0.5,0.5,1,0.6667,0.6667,1,0.5667,0.5667,1,30,30
Lighting7,0.589,0.5205,9,0.6438,0.6438,1,0.6849,0.6849,1,70,73
Gun_Point,0.9733,0.9733,1,0.9067,0.9067,1,0.95,0.95,1,50,100
ECG200,0.78,0.81,3,0.88,0.91,3,0.8023,0.8023,1,81,86
Trace,1.0,1.0,1,0.75,0.75,1,1.0,1.0,1,100,100
OSULeaf,0.343,0.3512,9,0.5248,0.5248,1,0.5949,0.5654,3,197,237
StarLightCurves,0.9071,0.9197,3,0.8507,0.8507,1,0.8333,0.8333,1,150,150
BirdChicken,1.0,1.0,1,0.55,0.55,1,0.75,0.75,1,20,20
DiatomSizeReduction,0.9673,0.9673,1,0.9346,0.9346,1,0.9235,0.9235,1,16,183
ArrowHead,0.7886,0.7886,1,0.8,0.8,1,0.7533,0.7533,1,36,150
ECGFiveDays,0.8444,0.8444,1,0.8258,0.8258,1,0.75,0.62,3,23,100
Computers,0.62,0.628,7,0.528,0.516,9,0.6,0.63,5,100,100
Earthquakes,0.7329,0.7081,5,0.7112,0.8199,15,0.62,0.55,5,85,100
CBF,0.9967,0.9967,1,0.9178,0.9178,1,1.0,1.0,1,30,150
CinC_ECG_torso,0.7159,0.7159,1,0.879,0.879,1,0.61,0.49,3,40,200
Adiac,0.5499,0.5499,1,0.6061,0.6061,1,0.601,0.601,1,390,391
OliveOil,0.7333,0.8,3,0.8667,0.8667,1,0.8667,0.9,3,30,30
Wafer,0.9859,0.9838,5,0.9966,0.994,3,0.9,0.9,1,100,100
