dataset,n_train,n_test,n_classes,k_used,attn_acc,attn_time_s,ed_acc,ed_time_s,dtw_acc,dtw_time_s,dtw_n_per_side
Coffee,28,28,2,1,1.0,0.08,1.0,0.0,1.0,2.32,28
ItalyPowerDemand,67,1029,2,1,0.9485,1.02,0.9553,0.01,0.98,2.8,67
Beef,30,30,5,1,0.5,0.08,0.6667,0.0,0.5667,2.51,30
Lighting7,70,73,7,9,0.5205,0.22,0.6438,0.0,0.6849,14.64,70
Gun_Point,50,150,2,1,0.9733,0.23,0.9067,0.0,0.95,14.18,50
ECG200,100,100,2,3,0.81,0.23,0.88,0.0,0.8023,20.07,81
Trace,100,100,4,1,1.0,0.25,0.75,0.0,1.0,29.17,100
OSULeaf,200,242,6,9,0.3512,0.55,0.5248,0.01,0.5949,135.78,197
StarLightCurves,1000,8236,3,3,0.9197,11.58,0.8507,1.18,0.8333,65.05,150
BirdChicken,20,20,2,1,1.0,0.05,0.55,0.0,0.75,1.15,20
DiatomSizeReduction,16,306,4,1,0.9673,0.41,0.9346,0.0,0.9235,8.46,16
ArrowHead,36,175,3,1,0.7886,0.29,0.8,0.0,0.7533,15.45,36
ECGFiveDays,23,861,2,1,0.8444,1.09,0.8258,0.01,0.75,6.66,23
Computers,250,250,2,7,0.628,0.62,0.528,0.01,0.6,29.28,100
Earthquakes,139,322,2,5,0.7081,0.57,0.7112,0.01,0.62,24.59,85
CBF,30,900,3,1,0.9967,1.25,0.9178,0.01,1.0,12.9,30
CinC_ECG_torso,40,1380,4,1,0.7159,1.82,0.879,0.01,0.61,23.13,40
Adiac,390,391,37,1,0.5499,1.0,0.6061,0.02,0.601,443.89,390
OliveOil,30,30,4,3,0.8,0.09,0.8667,0.0,0.8667,2.62,30
Wafer,1000,6164,2,5,0.9838,9.49,0.9966,0.83,0.9,29.56,100
