attn_acc,attn_time_s,dataset,dtw_acc,dtw_n_per_side,dtw_time_s,ed_acc,ed_time_s,final_loss,k_selected,n_classes,n_test,n_train,status,target_len,train_time_s,wall_s
0.9197425934919864,11.833985328674316,StarLightCurves,0.8333333333333334,150,66.13407254219055,0.8506556580864497,0.9268269538879395,0.007948671411939796,3,3,8236,1000,OK,64,206.18577361106873,289.2
0.5205479452054794,0.21393704414367676,Lighting7,0.684931506849315,70,14.61917233467102,0.6438356164383562,0.0009593963623046875,0.008522119796347302,9,7,73,70,OK,64,39.89326858520508,55.4
0.3512396694214876,0.5695900917053223,OSULeaf,0.5895953757225434,164,85.25830054283142,0.5247933884297521,0.0074694156646728516,0.007635484529614782,9,6,242,200,OK,64,202.16678142547607,288.8
0.628,0.6945655345916748,Computers,0.6,100,29.505951166152954,0.528,0.008638143539428711,0.002657063891041112,7,2,250,250,OK,64,126.78316926956177,157.6
0.9837767683322518,9.473098516464233,Wafer,0.9,100,29.10840916633606,0.9965931213497728,0.7679762840270996,0.002892270220218581,5,2,6164,1000,OK,64,31.55680537223816,73.9
0.7080745341614907,0.5959591865539551,Earthquakes,0.62,85,25.534444093704224,0.7111801242236024,0.007314920425415039,0.006865063815271277,5,2,322,139,OK,64,53.464446783065796,80.0
0.7159420289855073,1.882108211517334,CinC_ECG_torso,0.61,40,23.991072177886963,0.8789855072463768,0.014361381530761719,0.0017342269477423735,1,4,1380,40,OK,64,19.79726529121399,46.4
0.9966666666666667,1.2248480319976807,CBF,1.0,30,13.508523941040039,0.9177777777777778,0.00801396369934082,0.0,1,3,900,30,OK,64,7.031056880950928,22.1
1.0,0.2612779140472412,Trace,1.0,100,29.498422861099243,0.75,0.0018575191497802734,0.0001870379824416074,1,4,100,100,OK,64,32.03312420845032,62.2
0.7885714285714286,0.25234413146972656,ArrowHead,0.7533333333333333,36,15.726308107376099,0.8,0.0016832351684570312,0.0,1,3,175,36,OK,64,42.45594620704651,58.6
0.81,0.27685546875,ECG200,0.8023255813953488,81,20.415816068649292,0.88,0.001672983169555664,0.0004014791696688796,3,2,100,100,OK,64,47.82149529457092,68.7
0.9733333333333334,0.2656385898590088,Gun_Point,0.95,50,14.339466094970703,0.9066666666666666,0.0014309883117675781,0.0,1,2,150,50,OK,64,27.043543338775635,41.8
0.9484936831875608,1.0047974586486816,ItalyPowerDemand,0.98,67,2.833524465560913,0.9552964042759962,0.011358976364135742,0.006981140369859147,1,2,1029,67,OK,24,41.3652822971344,45.4
0.5,0.11461472511291504,Beef,0.5666666666666667,30,2.651320457458496,0.6666666666666666,0.00029277801513671875,0.005921406155208385,1,5,30,30,OK,64,54.62615203857422,57.7
0.8,0.08991837501525879,OliveOil,0.8666666666666667,30,2.7538750171661377,0.8666666666666667,0.0003025531768798828,0.29988558969802387,3,4,30,30,OK,64,14.896800756454468,18.1
0.9673202614379085,0.44069743156433105,DiatomSizeReduction,0.9234972677595629,16,8.560810804367065,0.934640522875817,0.0023040771484375,0.006481600791364761,1,4,306,16,OK,64,2.3287298679351807,11.6
1.0,0.05227470397949219,BirdChicken,0.75,20,1.1527433395385742,0.55,0.0001804828643798828,0.004842059208899745,1,2,20,20,OK,64,3.5944578647613525,4.9
0.8443670150987224,1.2533600330352783,ECGFiveDays,0.75,23,6.741244554519653,0.8257839721254355,0.007035732269287109,0.0028437701018175173,1,2,861,23,OK,64,4.139485597610474,12.4
1.0,0.09841704368591309,Coffee,1.0,28,2.2413489818573,1.0,0.0002675056457519531,0.0,1,2,28,28,OK,64,12.567990064620972,15.0
0.5498721227621484,1.0111851692199707,Adiac,0.5405405405405406,184,98.9755380153656,0.6061381074168798,0.020839214324951172,0.012488235837416201,1,37,391,390,OK,64,1649.7599394321442,1766.7
