dataset,d_model,final_loss,k_used,attn_acc,attn_time_s,n_train,n_test
Computers,8,0.052816,9,0.66,0.583,250,250
Computers,16,0.002657,7,0.628,0.615,250,250
Computers,32,0.006759,5,0.596,0.704,250,250
Computers,64,0.19981,5,0.636,0.844,250,250
StarLightCurves,8,0.007687,25,0.9025,11.021,1000,8236
StarLightCurves,16,0.007949,3,0.9197,11.752,1000,8236
StarLightCurves,32,0.004586,3,0.9017,12.407,1000,8236
StarLightCurves,64,0.010582,3,0.91,14.414,1000,8236
Wafer,8,0.001725,9,0.97,8.308,1000,6164
Wafer,16,0.002892,5,0.9838,8.738,1000,6164
Wafer,32,0.006565,3,0.9849,9.371,1000,6164
Wafer,64,0.300259,5,0.9265,11.447,1000,6164
